album_name,artist_name,full_album_plays,release_year,total_tracks
Afro,Dizzy Gillespie,1,1954.0,7
Somethin' Else (Rudy Van Gelder Edition),Cannonball Adderley,3,1958.0,6
Somethin' Else,Cannonball Adderley,4,1958.0,6
Nina Simone at Town Hall,Nina Simone,2,1959.0,11
Little Girl Blue (2013 - Remaster),Nina Simone,1,1959.0,10
The Shape Of Jazz To Come,Ornette Coleman,2,1959.0,6
The Freewheelin' Bob Dylan,Bob Dylan,1,1963.0,13
Highway 61 Revisited,Bob Dylan,2,1965.0,9
Songs Of Leonard Cohen,Leonard Cohen,1,1967.0,10
Odessey and Oracle (Mono Remastered),The Zombies,2,1968.0,12
Led Zeppelin,Led Zeppelin,2,1969.0,9
Led Zeppelin (Remaster),Led Zeppelin,1,1969.0,9
Led Zeppelin II (Remaster),Led Zeppelin,1,1969.0,9
Let It Bleed,The Rolling Stones,1,1969.0,9
The Velvet Underground,The Velvet Underground,1,1969.0,10
Tapestry,Carole King,1,1971.0,12
Coat Of Many Colors,Dolly Parton,2,1971.0,10
Eat A Peach,Allman Brothers Band,1,1972.0,9
Paul Simon,Paul Simon,1,1972.0,14
"The Wild, the Innocent & The E Street Shuffle",Bruce Springsteen,1,1973.0,7
The Dark Side of the Moon,Pink Floyd,3,1973.0,10
Closing Time (Remastered),Tom Waits,1,1973.0,12
Closing Time,Tom Waits,1,1973.0,12
Honky Tonk Heroes,Waylon Jennings,4,1973.0,10
Born To Run,Bruce Springsteen,4,1975.0,8
Zuma,Neil Young,1,1975.0,9
Jaco Pastorius,Jaco Pastorius,2,1976.0,11
Songs from the Wood,Jethro Tull,1,1977.0,10
Stained Class,Judas Priest,1,1978.0,11
Rust Never Sleeps,Neil Young,1,1979.0,9
Tchaikovsky: The Nutcracker,Pyotr Ilyich Tchaikovsky,1,1979.0,8
Breakfast In America (Remastered 2026),Supertramp,1,1979.0,10
Breakfast In America,Supertramp,1,1979.0,10
Moving Pictures,Rush,1,1981.0,7
Hard Promises,Tom Petty and the Heartbreakers,1,1981.0,10
Born In The U.S.A.,Bruce Springsteen,2,1984.0,12
Don't Break the Oath,Mercyful Fate,1,1984.0,9
Ride The Lightning (Remastered),Metallica,1,1984.0,8
Purple Rain,Prince,2,1984.0,9
Skeptics Apocalypse,Agent Steel,2,1985.0,9
Graceland (25th Anniversary Deluxe Edition),Paul Simon,2,1986.0,17
Tunnel Of Love,Bruce Springsteen,5,1987.0,12
Hysteria,Def Leppard,1,1987.0,12
Pump,Aerosmith,1,1989.0,10
Gretchen Goes To Nebraska,King's X,1,1989.0,12
Full Moon Fever,Tom Petty,1,1989.0,12
Nothing Face,Voivod,1,1989.0,9
Ragged Glory,Neil Young,2,1990.0,10
Harvest Moon,Neil Young,1,1992.0,10
Siamese Dream,The Smashing Pumpkins,1,1993.0,13
Hvis Lyset Tar Oss,Burzum,1,1994.0,4
Welcome to Sky Valley,Kyuss,1,1994.0,10
Dummy,Portishead,3,1994.0,11
Wildflowers,Tom Petty,1,1994.0,15
The Bends,Radiohead,1,1995.0,12
If You're Feeling Sinister,Belle and Sebastian,2,1996.0,10
Ænima,TOOL,4,1996.0,15
Pinkerton,Weezer,2,1996.0,10
The Divine Wings of Tragedy (Special Edition),Symphony X,1,1997.0,9
Dance Remix,Мираж,1,1997.0,17
Music Has The Right To Children,Boards of Canada,2,1998.0,18
Mezzanine,Massive Attack,1,1998.0,11
The White Stripes,The White Stripes,1,1999.0,17
Pop,GAS,1,2000.0,7
Kid A,Radiohead,1,2000.0,11
Suburban Light,The Clientele,2,2000.0,13
Mass Romantic,The New Pornographers,1,2000.0,12
All That You Can't Leave Behind,U2,1,2000.0,12
Discovery,Daft Punk,2,2001.0,14
Melody A.M.,Röyksopp,2,2001.0,10
"The Glow, Pt. 2",The Microphones,1,2001.0,20
Is This It,The Strokes,3,2001.0,11
Lateralus,TOOL,1,2001.0,13
Sea Change,Beck,1,2002.0,12
Kill the Moonlight,Spoon,1,2002.0,12
Funeral,Arcade Fire,5,2004.0,10
Isa,Enslaved,1,2004.0,10
Last Exit,Junior Boys,1,2004.0,14
Река крови,Krovostok,1,2004.0,10
Leviathan,Mastodon,3,2004.0,10
I Am A Bird Now,Antony and the Johnsons,2,2005.0,10
Vocalcity,Luomo,1,2005.0,6
Alligator,The National,1,2005.0,13
Apologies to the Queen Mary,Wolf Parade,2,2005.0,12
"Whatever People Say I Am, That's What I'm Not",Arctic Monkeys,2,2006.0,13
Yellow House,Grizzly Bear,2,2006.0,10
The Warning,Hot Chip,2,2006.0,12
Лошадь белая,Aquarium,1,2008.0,12
Nouns,No Age,2,2008.0,12
Vampire Weekend,Vampire Weekend,2,2008.0,11
Bitte Orca,Dirty Projectors,1,2009.0,9
Veckatimest,Grizzly Bear,1,2009.0,12
From Her to Eternity,Nick Cave & The Bad Seeds,1,2009.0,7
Black Sands,Bonobo,2,2010.0,12
TRON: Legacy,Daft Punk,1,2010.0,22
Body Talk,Robyn,1,2010.0,15
Re:поэты,Наум Блик,1,2010.0,20
Take Care,Drake,1,2011.0,19
The Idler Wheel Is Wiser Than the Driver of the Screw and Whipping Cords Will Serve You More Than Ropes Will Ever Do,Fiona Apple,1,2012.0,11
Давай Забудем о Морали,Птицу ЕМЪ,1,2012.0,14
What the Brothers Sang,Dawn McCarthy,1,2013.0,13
Leak 04-13 (Bait Ones),Jai Paul,18,2013.0,16
Yeezus,Kanye West,1,2013.0,10
Little Girl Blue,Nina Simone,1,2013.0,10
Alvvays,Alvvays,1,2014.0,9
Burn Your Fire For No Witness,Angel Olsen,1,2014.0,16
Syro,Aphex Twin,1,2014.0,12
BEYONCÉ [Platinum Edition],Beyoncé,1,2014.0,20
Zentropy,Frankie Cosmos,9,2014.0,10
Awake,Tycho,4,2014.0,8
The Innocents,Weyes Blood,1,2014.0,10
"Apocalypse, girl",Jenny Hval,3,2015.0,10
To Pimp A Butterfly,Kendrick Lamar,1,2015.0,16
Blonde,Frank Ocean,1,2016.0,17
Magma,Gojira,1,2016.0,10
ANTI,Rihanna,1,2016.0,16
A Seat at the Table,Solange,1,2016.0,21
Epoch (Deluxe Version),Tycho,1,2016.0,15
Pop 2,Charli xcx,3,2017.0,10
Polygondwanaland,King Gizzard & The Lizard Wizard,1,2017.0,10
The OOZ,King Krule,2,2017.0,19
8 способов как бросить...,Poshlaya Molly,1,2017.0,8
Ctrl,SZA,1,2017.0,14
Invasion of Privacy,Cardi B,1,2018.0,13
Heavy Horses,Jethro Tull,1,2018.0,18
Golden Hour,Kacey Musgraves,1,2018.0,13
KIDS SEE GHOSTS,KIDS SEE GHOSTS,1,2018.0,7
Be the Cowboy,Mitski,2,2018.0,14
El Mal Querer,ROSALÍA,1,2018.0,11
Lush,Snail Mail,1,2018.0,10
Crush,Floating Points,2,2019.0,12
5,SAULT,1,2019.0,14
Titanic Rising,Weyes Blood,1,2019.0,10
how i'm feeling now,Charli xcx,1,2020.0,11
Fetch The Bolt Cutters,Fiona Apple,1,2020.0,13
After The Gold Rush (50th Anniversary),Neil Young,1,2020.0,14
Barn,Neil Young,3,2021.0,10
RENAISSANCE,Beyoncé,2,2022.0,16
Dragon New Warm Mountain I Believe In You,Big Thief,1,2022.0,20
Ants From Up There,"Black Country, New Road",6,2022.0,10
Blood Harmony,Larkin Poe,1,2022.0,11
De Todas las Flores,Natalia Lafourcade,2,2022.0,12
MOTOMAMI,ROSALÍA,6,2022.0,16
Страна радости,Золотые зубы,5,2022.0,12
"Desire, I Want To Turn Into You",Caroline Polachek,3,2023.0,12
HELLMODE,Jeff Rosenstock,1,2023.0,11
"PetroDragonic Apocalypse; or, Dawn of Eternal Night: An Annihilation of Planet Earth and the Beginning of Merciless Damnation",King Gizzard & The Lizard Wizard,2,2023.0,7
eternal sunshine,Ariana Grande,1,2024.0,13
Heavy Metal,Cameron Winter,1,2024.0,10
BRAT,Charli xcx,27,2024.0,15
SHHHHHHH!,King Krule,1,2024.0,4
Against the Fall of Night,Sungazer,1,2024.0,9
LUX,ROSALÍA,1,2025.0,15
Bleeds,Wednesday,1,2025.0,12
"Music, Fashion, Film",Charli xcx,4,2026.0,11
Wuthering Heights,Charli xcx,1,2026.0,12
BULLY,Kanye West,1,2026.0,18
"Нет, это я хочу умереть в Новом Орлеане",Золотые зубы,2,2026.0,8
